{"cameraMode":{"drawMode":0,"name":"Shaded","section":"Shading Mode"},"sceneLighting":true,"audioPlay":false,"sceneViewState":{"m_AlwaysRefresh":false,"showFog":true,"showSkybox":true,"showFlares":true,"showImageEffects":true,"showParticleSystems":true,"showVisualEffectGraphs":true,"m_FxEnabled":true},"in2DMode":false,"pivot":{"x":0.001344623975455761,"y":0.09094633907079697,"z":0.18572765588760377},"rotation":{"x":0.09025256335735321,"y":-0.9089410901069641,"z":0.30767786502838137,"w":0.2665865123271942},"size":0.017320509999990464,"orthographic":true}