{"cameraMode":{"drawMode":0,"name":"Shaded","section":"Shading Mode"},"sceneLighting":true,"audioPlay":false,"sceneViewState":{"m_AlwaysRefresh":false,"showFog":true,"showSkybox":true,"showFlares":true,"showImageEffects":true,"showParticleSystems":true,"showVisualEffectGraphs":true,"m_FxEnabled":true},"in2DMode":false,"pivot":{"x":0.024153463542461396,"y":0.08002977818250656,"z":0.18167930841445924},"rotation":{"x":0.17250853776931764,"y":-0.2195940911769867,"z":0.039468877017498019,"w":0.9594353437423706},"size":0.23937588930130006,"orthographic":true}